{"learner":{"attributes":{"best_iteration":"4","best_ntree_limit":"5","scikit_learn":"{\"objective\": \"reg:squarederror\", \"learning_rate\": 0.03, \"verbosity\": null, \"booster\": null, \"tree_method\": \"hist\", \"gamma\": null, \"min_child_weight\": 1.0, \"max_delta_step\": null, \"subsample\": 1.0, \"colsample_bytree\": 0.6000000000000001, \"colsample_bylevel\": null, \"colsample_bynode\": null, \"reg_alpha\": null, \"reg_lambda\": null, \"scale_pos_weight\": null, \"base_score\": null, \"missing\": NaN, \"num_parallel_tree\": null, \"random_state\": 2020, \"n_jobs\": null, \"monotone_constraints\": null, \"interaction_constraints\": null, \"importance_type\": null, \"gpu_id\": null, \"validate_parameters\": null, \"predictor\": null, \"enable_categorical\": false, \"_estimator_type\": \"regressor\"}"},"feature_names":["FEATURE","DISPLAY","TPR_ONLY","STORE_NUM","UPC","PRICE","BASE_PRICE","STORE_ID","MSA_CODE","PARKING_SPACE_QTY","SALES_AREA_SIZE_NUM","AVG_WEEKLY_BASKETS"],"feature_types":["int","int","int","int","int","float","float","int","int","float","int","float"],"gradient_booster":{"model":{"gbtree_model_param":{"num_trees":"5","size_leaf_vector":"0"},"tree_info":[0,0,0,0,0],"trees":[{"base_weights":[1.3772525E1,1.0984223E1,3.8666393E1,1.3741867E1,3.4083104E0,5.2531727E1,1.3313364E1,1.2040733E1,1.644131E1,3.5897048E0,1.6213236E0,3.4576317E1,6.8917076E1,1.45026455E1,1.5310344E-1,4.2553136E-1,2.0985694E-1,7.069784E-1,4.1364563E-1,9.655976E-2,1.4641638E-1,5.3445376E-2,1.4166666E-2,6.5094334E-1,1.1781522E0,2.2193062E0,1.209091E0,3.2814434E-1,5.4193544E-1],"categories":[],"categories_nodes":[],"categories_segments":[],"categories_sizes":[],"default_left":[false,false,false,false,false,false,false,false,false,false,false,false,false,false,false,false,false,false,false,false,false,false,false,false,false,false,false,false,false],"id":0,"left_children":[1,3,5,7,9,11,13,15,17,19,21,23,25,27,-1,-1,-1,-1,-1,-1,-1,-1,-1,-1,-1,-1,-1,-1,-1],"loss_changes":[4.2020962E5,1.13833625E5,2.1373275E5,1.8152125E4,4.6614258E2,1.13534125E5,2.04475E3,2.64535E4,2.882275E4,6.1699805E2,2.4192719E1,1.0636906E4,2.6698688E4,2.2020078E3,0E0,0E0,0E0,0E0,0E0,0E0,0E0,0E0,0E0,0E0,0E0,0E0,0E0,0E0,0E0],"parents":[2147483647,0,0,1,1,2,2,3,3,4,4,5,5,6,6,7,7,8,8,9,9,10,10,11,11,12,12,13,13],"right_children":[2,4,6,8,10,12,14,16,18,20,22,24,26,28,-1,-1,-1,-1,-1,-1,-1,-1,-1,-1,-1,-1,-1,-1,-1],"split_conditions":[1E0,4.49E0,4.49E0,3.03E0,7.29E0,2.96E0,7.29E0,2.84E0,3.2E0,6.59E0,7.99E0,1.53E0,3.4E0,6.59E0,1.5310344E-1,4.2553136E-1,2.0985694E-1,7.069784E-1,4.1364563E-1,9.655976E-2,1.4641638E-1,5.3445376E-2,1.4166666E-2,6.5094334E-1,1.1781522E0,2.2193062E0,1.209091E0,3.2814434E-1,5.4193544E-1],"split_indices":[1,6,6,6,6,6,6,6,6,6,6,6,6,6,0,0,0,0,0,0,0,0,0,0,0,0,0,0,0],"split_type":[0,0,0,0,0,0,0,0,0,0,0,0,0,0,0,0,0,0,0,0,0,0,0,0,0,0,0,0,0],"sum_hessian":[6.059E3,5.45E3,6.09E2,3.995E3,1.455E3,3.93E2,2.16E2,2.454E3,1.541E3,1.32E3,1.35E2,1.89E2,2.04E2,1.88E2,2.8E1,1.721E3,7.33E2,4.16E2,1.125E3,1.028E3,2.92E2,1.18E2,1.7E1,5.2E1,1.37E2,1.72E2,3.2E1,9.6E1,9.2E1],"tree_param":{"num_deleted":"0","num_feature":"12","num_nodes":"29","size_leaf_vector":"0"}},{"base_weights":[1.3360726E1,1.0655076E1,3.7516697E1,1.333005E1,3.3062744E0,5.096912E1,1.2918678E1,1.167977E1,1.5948797E1,3.4821975E0,1.5731809E0,3.3548653E1,6.686629E1,1.407217E1,1.4866872E-1,4.127728E-1,2.0356981E-1,6.858199E-1,4.012473E-1,9.366579E-2,1.4203888E-1,5.185549E-2,1.3765278E-2,6.3178355E-1,1.1430637E0,2.153112E0,1.1739173E0,3.184015E-1,5.258522E-1],"categories":[],"categories_nodes":[],"categories_segments":[],"categories_sizes":[],"default_left":[false,false,false,false,false,false,false,false,false,false,false,false,false,false,false,false,false,false,false,false,false,false,false,false,false,false,false,false,false],"id":1,"left_children":[1,3,5,7,9,11,13,15,17,19,21,23,25,27,-1,-1,-1,-1,-1,-1,-1,-1,-1,-1,-1,-1,-1,-1,-1],"loss_changes":[3.956675E5,1.07110875E5,2.0119225E5,1.7083125E4,4.3844336E2,1.0686956E5,1.9234766E3,2.4889781E4,2.7127E4,5.80833E2,2.2747986E1,1.000275E4,2.50755E4,2.0733438E3,0E0,0E0,0E0,0E0,0E0,0E0,0E0,0E0,0E0,0E0,0E0,0E0,0E0,0E0,0E0],"parents":[2147483647,0,0,1,1,2,2,3,3,4,4,5,5,6,6,7,7,8,8,9,9,10,10,11,11,12,12,13,13],"right_children":[2,4,6,8,10,12,14,16,18,20,22,24,26,28,-1,-1,-1,-1,-1,-1,-1,-1,-1,-1,-1,-1,-1,-1,-1],"split_conditions":[1E0,4.49E0,4.49E0,3.03E0,7.29E0,2.96E0,7.29E0,2.84E0,3.2E0,6.59E0,7.99E0,1.53E0,3.4E0,6.59E0,1.4866872E-1,4.127728E-1,2.0356981E-1,6.858199E-1,4.012473E-1,9.366579E-2,1.4203888E-1,5.185549E-2,1.3765278E-2,6.3178355E-1,1.1430637E0,2.153112E0,1.1739173E0,3.184015E-1,5.258522E-1],"split_indices":[1,6,6,6,6,6,6,6,6,6,6,6,6,6,0,0,0,0,0,0,0,0,0,0,0,0,0,0,0],"split_type":[0,0,0,0,0,0,0,0,0,0,0,0,0,0,0,0,0,0,0,0,0,0,0,0,0,0,0,0,0],"sum_hessian":[6.059E3,5.45E3,6.09E2,3.995E3,1.455E3,3.93E2,2.16E2,2.454E3,1.541E3,1.32E3,1.35E2,1.89E2,2.04E2,1.88E2,2.8E1,1.721E3,7.33E2,4.16E2,1.125E3,1.028E3,2.92E2,1.18E2,1.7E1,5.2E1,1.37E2,1.72E2,3.2E1,9.6E1,9.2E1],"tree_param":{"num_deleted":"0","num_feature":"12","num_nodes":"29","size_leaf_vector":"0"}},{"base_weights":[1.2961241E1,1.018398E1,3.803169E1,1.2705743E1,2.9852328E0,6.0057724E1,1.28358755E1,1.0948625E1,1.5513702E1,3.196952E0,8.465399E-1,2.158044E1,6.790293E1,1.4406488E1,4.84628E0,3.8596824E-1,1.9383015E-1,6.501764E-1,3.9499384E-1,8.499121E-2,1.3548748E-1,3.3408053E-2,2.1144403E-2,5.3543806E-1,8.728008E-1,2.6499214E0,1.7210027E0,3.681585E-1,5.201624E-1,1.2158362E-1,1.7020483E-1],"categories":[],"categories_nodes":[],"categories_segments":[],"categories_sizes":[],"default_left":[false,false,false,false,false,false,false,false,false,false,false,false,false,false,false,false,false,false,false,false,false,false,false,false,false,false,false,false,false,false,false],"id":2,"left_children":[1,3,5,7,9,11,13,15,17,19,21,23,25,27,29,-1,-1,-1,-1,-1,-1,-1,-1,-1,-1,-1,-1,-1,-1,-1,-1],"loss_changes":[4.2155338E5,9.9025875E4,3.344273E5,1.9768125E4,6.3891504E2,9.573425E4,3.4814258E3,2.1329E4,2.2165281E4,6.060635E2,4.0977325E0,1.0510957E3,5.2399375E4,1.2643477E3,8.513306E0,0E0,0E0,0E0,0E0,0E0,0E0,0E0,0E0,0E0,0E0,0E0,0E0,0E0,0E0,0E0,0E0],"parents":[2147483647,0,0,1,1,2,2,3,3,4,4,5,5,6,6,7,7,8,8,9,9,10,10,11,11,12,12,13,13,14,14],"right_children":[2,4,6,8,10,12,14,16,18,20,22,24,26,28,30,-1,-1,-1,-1,-1,-1,-1,-1,-1,-1,-1,-1,-1,-1,-1,-1],"split_conditions":[1E0,4.49E0,2.98E0,3.03E0,6.79E0,2.4E0,7.29E0,2.84E0,3.2E0,6.59E0,7.29E0,1.09E0,2.01E0,6.59E0,7.49E0,3.8596824E-1,1.9383015E-1,6.501764E-1,3.9499384E-1,8.499121E-2,1.3548748E-1,3.3408053E-2,2.1144403E-2,5.3543806E-1,8.728008E-1,2.6499214E0,1.7210027E0,3.681585E-1,5.201624E-1,1.2158362E-1,1.7020483E-1],"split_indices":[0,6,5,6,5,6,6,6,6,6,6,5,5,6,6,0,0,0,0,0,0,0,0,0,0,0,0,0,0,0,0],"split_type":[0,0,0,0,0,0,0,0,0,0,0,0,0,0,0,0,0,0,0,0,0,0,0,0,0,0,0,0,0,0,0],"sum_hessian":[6.059E3,5.456E3,6.03E2,4.04E3,1.416E3,3.21E2,2.82E2,2.488E3,1.552E3,1.288E3,1.28E2,5.5E1,2.66E2,2.35E2,4.7E1,1.742E3,7.46E2,4.26E2,1.126E3,1.012E3,2.76E2,4.2E1,8.6E1,3.9E1,1.6E1,8.8E1,1.78E2,1.39E2,9.6E1,2.7E1,2E1],"tree_param":{"num_deleted":"0","num_feature":"12","num_nodes":"31","size_leaf_vector":"0"}},{"base_weights":[1.2573866E1,9.878809E0,3.690226E1,1.2324972E1,2.89587E0,5.827394E1,1.2454969E1,1.1819718E1,2.2447533E1,4.3151374E0,2.5836792E0,3.157044E1,7.8384415E1,7.3231163E0,1.5823065E1,3.108563E-1,4.2375997E-1,4.6040723E-1,1.0792713E0,6.760247E-2,1.486528E-1,5.3909156E-2,9.2363454E-2,1.1938818E0,5.5564106E-1,1.8834803E0,3.2346103E0,2.5163892E-1,1.1258827E-1,5.1381373E-1,1.7264597E-1],"categories":[],"categories_nodes":[],"categories_segments":[],"categories_sizes":[],"default_left":[false,false,false,false,false,false,false,false,false,false,false,false,false,false,false,false,false,false,false,false,false,false,false,false,false,false,false,false,false,false,false],"id":3,"left_children":[1,3,5,7,9,11,13,15,17,19,21,23,25,27,29,-1,-1,-1,-1,-1,-1,-1,-1,-1,-1,-1,-1,-1,-1,-1,-1],